"Modelo","RMSE","MAE","MAPE","AIC"
"Auto-ARIMA",823.660923385254,222.025917828993,Inf,28230.3984239556
"Holt-Winters",823.671086916809,222.945349839747,Inf,NA
"SARIMA (STL)",971.683827039113,400.205850495178,Inf,28167.5780999823
